ISBN13-08301800,978-0-830-180-0
ISBN13-18612717,978-1-861-271-7
ISBN13-15669093,978-1-566-909-3
ISBN13-01938526,978-0-193-852-6
ISBN13-18612717,978-1-861-271-7
ISBN13-29723828,978-2-972-382-8
ISBN13-31834939,978-3-183-493-9
ISBN13-42945141,978-4-294-514-1
ISBN13-53156252,978-5-315-625-2
ISBN13-64267363,978-6-426-736-3
ISBN13-75378474,978-7-537-847-4
ISBN13-86489585,978-8-648-958-5
ISBN13-97591696,978-9-759-169-6
ISBN13-18612717,978-1-861-271-7
ISBN13-29523828,978-2-952-382-8
ISBN13-31634939,978-3-163-493-9
ISBN13-42745141,978-4-274-514-1
ISBN13-53856252,978-5-385-625-2
ISBN13-64967363,978-6-496-736-3
ISBN13-75178474,978-7-517-847-4
ISBN13-86289585,978-8-628-958-5
ISBN13-97391696,978-9-739-169-6
ISBN13-18412717,978-1-841-271-7
ISBN13-29523828,978-2-952-382-8
ISBN13-31635939,978-3-163-593-9
ISBN13-42746141,978-4-274-614-1
ISBN13-53857252,978-5-385-725-2
ISBN13-64968363,978-6-496-836-3
ISBN13-75179474,978-7-517-947-4
ISBN13-86281585,978-8-628-158-5
ISBN13-97392696,978-9-739-269-6
ISBN13-18413717,978-1-841-371-7
ISBN13-29524828,978-2-952-482-8
ISBN13-31635939,978-3-163-593-9
ISBN13-42746141,978-4-274-614-1
ISBN13-53857252,978-5-385-725-2
ISBN13-54968363,978-5-496-836-3
ISBN13-65179474,978-6-517-947-4